"You Took The Words R" 	24 	10589
"Paradise By The Dash" 	14.0547945205479 	25161
"Two Out Of Three Ain" 	0.493150684931507 	15067
